id,email,username,password,first_name,last_name,phone,city,street,street_number,zipcode,signup_source
1,catherine.edwards1@example.com,catherineedwards28,y)5XBMl6*+,Catherine,Edwards,995-532-7877x47016,New Michael,Juan Ranch,277,86256,mobile
2,EMILY.MITCHELL2@EXAMPLE.COM,emilymitchell92,reiFNU2S!1,Emily,Mitchell,(816)255-8523,North Derrickmouth,Stone Drive,160,79964,
3,patricia.taylor3@example.com,patriciataylor86,z)AC5RFAmm,Patricia,Taylor,,North Ashley,James Mill,192,41617,
4,robert.gutierrez4@example.com,robertgutierrez67,XM6feQTy$F,Robert,Gutierrez,+1-654-597-3348,Kellieborough,Stewart Keys,232,73965,web
5,sarah.pope5@example.com,sarahpope32,cGy4Dl9s%D,Sarah,Pope,584-221-9933x083,South Markfort,Erin Dam,116,01180,web
6,tamara.spence6@example.com,tamaraspence44,#26BZtUpRf,Tamara,Spence,(640)904-9915,Smallberg,Nelson Valleys,11,15265,mobile
7,mark.simon7@example.com,marksimon76,@_4b2XWfJC,Mark,Simon,730-546-3745x49904,,Richard Parkway,113,92717,web
8,kayla.vaughn8@example.com,kaylavaughn10,4tNLzFdt_4,Kayla,Vaughn,485.419.1088x398,Melissamouth,Erin Stravenue,31,76935,mobile
9,tracy.nolan9@example.com,tracynolan9,*0%MlOemhU,Tracy,Nolan,+1-801-770-4622,Westfurt  ,Miller Shore,17,71188,referral
10,dean.dalton10@example.com,deandalton10,Rf@2@RbmRm,Dean,,231-906-9033x119,East Joyfurt,Young Forge,264,99379,mobile
11,michelle.brown11@example.com,michellebrown36,UUHm5qxQ(4,Michelle,Brown,+1-470-656-8566,Whiteside,Allen Fork,249,39919,mobile
12,meredith.thomas12@example.com,merediththomas70,*T)0RZno&f,Meredith,Thomas,+1-599-501-3983x73540,Lake Yvonnefort,Heather Squares,68,27306,
13,randy.allen13@example.com,randyallen32,^E7POMoMo4,Randy,Allen,420.548.9964,Jerryshire,Victor Shoal,243,90265,
14,matthew.hines14@example.com,matthewhines25,*7OS1rfwQo,Matthew,Hines,+1-931-220-3875x0997,New Andreatown,Alyssa Harbor,49,70721,web
15,tiffany.smith15@example.com,tiffanysmith85,*f+6Zm7HF+,Tiffany,Smith,+1-801-766-6870x0217,New Samanthabury,Rachel Square,221,,referral
16,thomas.williams16@example.com,thomaswilliams55,a1oR3_sm@4,Thomas,Williams,862-718-5016x31599,Lake Joshuamouth,Perez Plaza,211,49708,
17,ryan.frazier17@example.com,ryanfrazier94,_le&6CYyB*,Ryan,Frazier,001-341-721-2678x88610,New Carlymouth,Smith Loop,28,51330,web
18,kimberly.hardy18@example.com,kimberlyhardy8,0G_3S%KqN(,Kimberly,Hardy,+1-937-712-4065x965,Ochoaberg,Flores Square,207,26827,referral
19,timothy.thompson19@example.com,timothythompson14,5OJ5FmHx&V,Timothy,Thompson,001-837-841-6724x342,South Vickifort,Ferguson Ways,128,91164,mobile
20,robert.johnson20@example.com,robertjohnson25,^86b0TuZZx,Robert,Johnson,943-788-8993,Fordshire,Michael Burg,,63778,
21,dan.perry21@example.com,danperry18,@1XQDefL%$,Dan,Perry,001-438-828-2586x7362,Johnsonborough,Vargas Loaf,217,01084,mobile
22,janet.harris22@example.com,janetharris36,ldF2(1SxB+,Janet,Harris,(679)324-9912x513,West Heather,Barnes Dam,237,75841,mobile
23,patrick.lopez23@example.com,patricklopez10,u0081oWu_N,Patrick,Lopez,(676)477-2190x34043,Cunninghamfort,Ashley Grove,227,71687,web
24,madeline.richardson24@example.com,madelinerichardson7,z!n7ARLDmg,Madeline,Richardson,001-696-429-2330x958,Tiffanyport,Armstrong Walks,277,67926,web
25,tricia.shelton25@example.com,triciashelton12,I%2ad)Yz6@,Tricia,Shelton,+1-746-267-1168x4577,Lake Teresastad,Laura Locks,122,29052,mobile
26,tammy.summers26@example.com,tammysummers53,*4KNDc$jkM,Tammy,Summers,+92-3061073976,Riosville,Jason Club,249,17894,
27,brittney.stone27@example.com,brittneystone28,D*0dA4wl*F,Brittney,Stone,390.492.7532x69731,New Jessicastad,Edwards Dam,206,32978,web
28,joshua.miller28@example.com,joshuamiller22,(jd9aATxh9,Joshua,Miller,437-891-8055,Diazburgh,Best Trail,195,10068,web
29,alvin.jones29@example.com,alvinjones50,w39BbJHZ%+,Alvin,Jones,(285)569-1463,South Darrenton,Wade Shoals,136,97580,
30,gregory.smith30@example.com,gregorysmith37,#Qjf0Fp7rj,Gregory,Smith,414.691.7785x07925,New Emilyville,Joyce Alley,217,06273,
31,michele.smith31@example.com,michelesmith20,u!x#7La46m,Michele,Smith,(618)702-3806x174,New Stephenstad,Kelly Tunnel,98,40335,referral
32,jodi.sanchez32@example.com,jodisanchez28,^gSk9PySZd,Jodi,Sanchez,338-236-7024,Port April,Ellis Summit,30,11629,web
33,beverly.wagner33@example.com,beverlywagner96,U_6CsBldgB,Beverly,Wagner,001-991-621-2775x61853,Bakerville,Eric Spur,161,40375,web
34,margaret.terry34@example.com,margaretterry7,&3EKc7ze!L,Margaret,Terry,721-300-3236,Samanthaland,Wendy Flat,300,85171,
35,scott.anderson35@example.com,scottanderson65,^uBfOGJot1,Scott,Anderson,+1-493-847-6870x146,Lake Nicole,Crystal Unions,272,71759,mobile
5,sarah.pope5@example.com,sarahpope32,cGy4Dl9s%D,Sarah,Pope,584-221-9933x083,South Markfort,Erin Dam,116,01180,web
23,patrick.lopez23@example.com,patricklopez10,u0081oWu_N,Patrick,Lopez,(676)477-2190x34043,Cunninghamfort,Ashley Grove,227,71687,web
